gisaid_epi_isl	S	ORF1a	E	M	N	ORF1b	ORF3a	ORF6	ORF7a	ORF7b	ORF8	ORF9b
EPI_ISL_1408408	[214:EPE]	[]	[]	[]	[]	[]	[]	[]	[]	[]	[]	[]
EPI_ISL_1749899	[]	[]	[]	[]	[]	[]	[]	[]	[]	[]	[]	[]
EPI_ISL_2016901	[]	[]	[]	[]	[]	[]	[]	[]	[]	[]	[]	[]
EPI_ISL_1749892	[]	[]	[]	[]	[]	[]	[]	[]	[]	[]	[]	[]
EPI_ISL_1597932	[214:EPE]	[]	[]	[]	[]	[]	[]	[]	[]	[]	[]	[]
EPI_ISL_1407962	[]	[]	[]	[]	[]	[]	[]	[]	[]	[]	[]	[]
EPI_ISL_1750503	[]	[]	[]	[]	[]	[]	[]	[]	[]	[]	[]	[]
EPI_ISL_1360935	[]	[]	[]	[]	[]	[]	[]	[]	[]	[]	[]	[]
EPI_ISL_2019235	[]	[]	[]	[]	[]	[]	[]	[]	[]	[]	[]	[]
EPI_ISL_1749960	[]	[]	[]	[]	[]	[]	[]	[]	[]	[]	[]	[]
EPI_ISL_1361468	[]	[]	[]	[]	[]	[]	[]	[]	[]	[]	[]	[]
EPI_ISL_1408062	[]	[]	[]	[]	[]	[]	[]	[]	[]	[]	[]	[]
EPI_ISL_1597890	[]	[]	[]	[]	[]	[]	[]	[]	[]	[]	[]	[]
EPI_ISL_1682849	[]	[]	[]	[]	[]	[]	[]	[]	[]	[]	[]	[]
EPI_ISL_1408805	[]	[]	[]	[]	[]	[]	[]	[]	[]	[]	[]	[]
EPI_ISL_1750868	[214:EPE]	[]	[]	[]	[]	[]	[]	[]	[]	[]	[]	[]
EPI_ISL_2019350	[]	[]	[]	[]	[]	[]	[]	[]	[]	[]	[]	[]
EPI_ISL_2017036	[]	[]	[]	[]	[]	[]	[]	[]	[]	[]	[]	[]
EPI_ISL_1599113	[]	[]	[]	[]	[]	[]	[]	[]	[]	[]	[]	[]
EPI_ISL_2214128	[]	[]	[]	[]	[]	[]	[]	[]	[]	[]	[]	[]
EPI_ISL_2408472	[]	[]	[]	[]	[]	[]	[]	[]	[]	[]	[]	[]
EPI_ISL_830864	[]	[]	[]	[]	[]	[]	[]	[]	[]	[]	[]	[]
EPI_ISL_581968	[214:EPE]	[]	[]	[]	[]	[]	[]	[]	[]	[]	[]	[]
EPI_ISL_2213804	[]	[]	[]	[]	[]	[]	[]	[]	[]	[]	[]	[]
EPI_ISL_2405276	[]	[]	[]	[]	[]	[]	[]	[]	[]	[]	[]	[]
EPI_ISL_2213934	[]	[]	[]	[]	[]	[]	[]	[]	[]	[]	[]	[]
EPI_ISL_2213984	[]	[]	[]	[]	[]	[]	[]	[]	[]	[]	[]	[]
EPI_ISL_2574088	[]	[]	[]	[]	[]	[]	[]	[]	[]	[]	[]	[]
EPI_ISL_2544226	[]	[]	[]	[]	[]	[]	[]	[]	[]	[]	[]	[]
EPI_ISL_2360326	[]	[]	[]	[]	[]	[]	[]	[]	[]	[]	[]	[]
EPI_ISL_2379651	[]	[]	[]	[]	[]	[]	[]	[]	[]	[]	[]	[]
EPI_ISL_1036103	[]	[]	[]	[]	[]	[]	[]	[]	[]	[]	[]	[]
EPI_ISL_931279	[]	[]	[]	[]	[]	[]	[]	[]	[]	[]	[]	[]
EPI_ISL_931031	[]	[]	[]	[]	[]	[]	[]	[]	[]	[]	[]	[]
EPI_ISL_1273458	[]	[]	[]	[]	[]	[]	[]	[]	[]	[]	[]	[]
EPI_ISL_1273715	[]	[]	[]	[]	[]	[]	[]	[]	[]	[]	[]	[]
EPI_ISL_737604	[]	[]	[]	[]	[]	[]	[]	[]	[]	[]	[]	[]
EPI_ISL_1129663	[]	[]	[]	[]	[]	[]	[]	[]	[]	[]	[]	[]
EPI_ISL_1003629	[214:EPE]	[]	[]	[]	[]	[]	[]	[]	[]	[]	[]	[]
EPI_ISL_737715	[247:SGE]	[]	[]	[]	[]	[]	[]	[]	[]	[]	[]	[]
EPI_ISL_1003036	[]	[]	[]	[]	[]	[]	[]	[]	[]	[]	[]	[]
EPI_ISL_899762	[]	[]	[]	[]	[]	[]	[]	[]	[]	[]	[]	[]
EPI_ISL_899725	[210:IV]	[]	[]	[]	[]	[]	[]	[]	[]	[]	[]	[]
EPI_ISL_1195052	[]	[]	[]	[]	[]	[]	[]	[]	[]	[]	[]	[]
EPI_ISL_1003519	[]	[]	[]	[]	[]	[]	[]	[]	[]	[]	[]	[]
EPI_ISL_1003010	[]	[]	[]	[]	[]	[]	[]	[]	[]	[]	[]	[]
EPI_ISL_1119584	[]	[]	[]	[]	[]	[]	[]	[]	[]	[]	[]	[]
EPI_ISL_1002052	[]	[]	[]	[]	[]	[]	[]	[]	[]	[]	[]	[]
EPI_ISL_466942	[]	[]	[]	[]	[]	[]	[]	[]	[]	[]	[]	[]
EPI_ISL_1003849	[]	[]	[]	[]	[]	[]	[]	[]	[]	[]	[]	[]
EPI_ISL_768148	[]	[]	[]	[]	[]	[]	[]	[]	[]	[]	[]	[]
EPI_ISL_1080536	[]	[]	[]	[]	[]	[]	[]	[]	[]	[]	[]	[]
EPI_ISL_1002156	[]	[]	[]	[]	[]	[]	[]	[]	[]	[]	[]	[]
EPI_ISL_1119315	[]	[]	[]	[]	[]	[]	[]	[]	[]	[]	[]	[]
EPI_ISL_1004495	[]	[]	[]	[]	[]	[]	[]	[]	[]	[]	[]	[]
EPI_ISL_1001920	[]	[]	[]	[]	[]	[]	[]	[]	[]	[]	[]	[]
EPI_ISL_1131102	[]	[]	[]	[]	[]	[]	[]	[]	[]	[]	[]	[]
EPI_ISL_1003373	[]	[]	[]	[]	[]	[]	[]	[]	[]	[]	[]	[]
EPI_ISL_721941	[]	[]	[]	[]	[]	[]	[]	[]	[]	[]	[]	[]
EPI_ISL_1130868	[]	[]	[]	[]	[]	[]	[]	[]	[]	[]	[]	[]
EPI_ISL_1003425	[]	[]	[]	[]	[]	[]	[]	[]	[]	[]	[]	[]
EPI_ISL_737860	[]	[]	[]	[]	[]	[]	[]	[]	[]	[]	[]	[]
EPI_ISL_1001493	[]	[]	[]	[]	[]	[]	[]	[]	[]	[]	[]	[]
EPI_ISL_1260480	[]	[]	[]	[]	[]	[]	[]	[]	[]	[]	[]	[]
EPI_ISL_1747885	[]	[]	[]	[]	[]	[]	[]	[]	[]	[]	[]	[]
EPI_ISL_1747752	[]	[]	[]	[]	[]	[]	[]	[]	[]	[]	[]	[]
EPI_ISL_1005148	[]	[]	[]	[]	[]	[]	[]	[]	[]	[]	[]	[]
EPI_ISL_1748243	[]	[]	[]	[]	[]	[]	[]	[]	[]	[]	[]	[]
EPI_ISL_1748215	[]	[]	[]	[]	[]	[]	[]	[]	[]	[]	[]	[]
EPI_ISL_1748395	[]	[]	[]	[]	[]	[]	[]	[]	[]	[]	[]	[]
EPI_ISL_1760534	[]	[]	[]	[]	[]	[]	[]	[]	[]	[]	[]	[]
EPI_ISL_2086867	[]	[]	[]	[]	[]	[]	[]	[]	[]	[]	[]	[]
EPI_ISL_1840634	[]	[]	[]	[]	[]	[]	[]	[]	[]	[]	[]	[]
EPI_ISL_2180995	[]	[]	[]	[]	[]	[]	[]	[]	[]	[]	[]	[]
EPI_ISL_2181005	[]	[]	[]	[]	[]	[]	[]	[]	[]	[]	[]	[]
EPI_ISL_2180023	[]	[]	[]	[]	[]	[]	[]	[]	[]	[]	[]	[]
EPI_ISL_2270139	[]	[]	[]	[]	[]	[]	[]	[]	[]	[]	[]	[]
EPI_ISL_2544452	[]	[]	[]	[]	[]	[]	[]	[]	[]	[]	[]	[]
EPI_ISL_2544332	[]	[]	[]	[]	[]	[]	[]	[]	[]	[]	[]	[]
EPI_ISL_2307766	[]	[]	[]	[]	[]	[]	[]	[]	[]	[]	[]	[]
EPI_ISL_2375490	[]	[]	[]	[]	[]	[]	[]	[]	[]	[]	[]	[]
EPI_ISL_2374969	[]	[]	[]	[]	[]	[]	[]	[]	[]	[]	[]	[]
EPI_ISL_2307888	[]	[]	[]	[]	[]	[]	[]	[]	[]	[]	[]	[]
EPI_ISL_2375247	[]	[]	[]	[]	[]	[]	[]	[]	[]	[]	[]	[]
EPI_ISL_2308054	[]	[]	[]	[]	[]	[]	[]	[]	[]	[]	[]	[]
EPI_ISL_2375165	[]	[]	[]	[]	[]	[]	[]	[]	[]	[]	[]	[]
EPI_ISL_2375097	[]	[]	[]	[]	[]	[]	[]	[]	[]	[]	[]	[]
EPI_ISL_3128737	[]	[]	[]	[]	[]	[]	[]	[]	[]	[]	[]	[]
EPI_ISL_3128811	[]	[]	[]	[]	[]	[]	[]	[]	[]	[]	[]	[]
EPI_ISL_3086369	[]	[]	[]	[]	[]	[]	[]	[]	[]	[]	[]	[]
EPI_ISL_3259931	[143:T]	[]	[]	[]	[]	[]	[]	[]	[]	[]	[]	[]
EPI_ISL_3267832	[]	[]	[]	[]	[]	[]	[]	[]	[]	[]	[]	[]
EPI_ISL_3128796	[]	[]	[]	[]	[]	[]	[]	[]	[]	[]	[]	[]
EPI_ISL_3016465	[]	[]	[]	[]	[]	[]	[]	[]	[]	[]	[]	[]
EPI_ISL_3247294	[]	[]	[]	[]	[]	[]	[]	[]	[]	[]	[]	[]
EPI_ISL_3578231	[]	[]	[]	[]	[]	[]	[]	[]	[]	[]	[]	[]
EPI_ISL_3465732	[]	[]	[]	[]	[]	[]	[]	[]	[]	[]	[]	[]
EPI_ISL_2367431	[]	[]	[]	[]	[]	[]	[]	[]	[]	[]	[]	[]
EPI_ISL_3465556	[]	[]	[]	[]	[]	[]	[]	[]	[]	[]	[]	[]
EPI_ISL_2359636	[]	[3602:F]	[]	[]	[]	[]	[]	[]	[]	[]	[]	[]
